{
 "last_thetas": [
  {
   "proba_Recovering_given_InGeneralWard": 0.2496185653401138,
   "pmf_duration_Declining_InGeneralWard": {
    "1": 0.41345004361157073,
    "2": 0.31188782607183013,
    "3": 0.0788375612549716,
    "4": 0.0737977563083036,
    "5": 0.122026812753324
   },
   "pmf_duration_Recovering_InGeneralWard": {
    "1": 0.30329730876101235,
    "2": 0.3400054839099902,
    "3": 0.06552309785625345,
    "4": 0.08534830624901579,
    "5": 0.20582580322372834
   },
   "proba_Recovering_given_OffVentInICU": 0.40195557790086966,
   "pmf_duration_Declining_OffVentInICU": {
    "1": 0.21065355117044246,
    "2": 0.30811670454976553,
    "3": 0.2114655877709276,
    "4": 0.12919037516976567,
    "5": 0.1405737813390986
   },
   "pmf_duration_Recovering_OffVentInICU": {
    "1": 0.40754434734116857,
    "2": 0.06773245356335718,
    "3": 0.37758291037355113,
    "4": 0.07469064018528647,
    "5": 0.07244964853663659
   },
   "proba_Recovering_given_OnVentInICU": 0.42801078699416817,
   "pmf_duration_Declining_OnVentInICU": {
    "1": 0.07737654271705983,
    "2": 0.18803564339035622,
    "3": 0.5363701016709675,
    "4": 0.10202120624532585,
    "5": 0.09619650597629054
   },
   "pmf_duration_Recovering_OnVentInICU": {
    "1": 0.23891603579314696,
    "2": 0.08638944455934475,
    "3": 0.16451246027788652,
    "4": 0.3578972259737172,
    "5": 0.15228483339590465
   }
  },
  {
   "proba_Recovering_given_InGeneralWard": 0.2496185653401138,
   "pmf_duration_Declining_InGeneralWard": {
    "1": 0.41345004361157073,
    "2": 0.31188782607183013,
    "3": 0.0788375612549716,
    "4": 0.0737977563083036,
    "5": 0.122026812753324
   },
   "pmf_duration_Recovering_InGeneralWard": {
    "1": 0.30329730876101235,
    "2": 0.3400054839099902,
    "3": 0.06552309785625345,
    "4": 0.08534830624901579,
    "5": 0.20582580322372834
   },
   "proba_Recovering_given_OffVentInICU": 0.3567987722163853,
   "pmf_duration_Declining_OffVentInICU": {
    "1": 0.21065355117044246,
    "2": 0.30811670454976553,
    "3": 0.2114655877709276,
    "4": 0.12919037516976567,
    "5": 0.1405737813390986
   },
   "pmf_duration_Recovering_OffVentInICU": {
    "1": 0.40754434734116857,
    "2": 0.06773245356335718,
    "3": 0.37758291037355113,
    "4": 0.07469064018528647,
    "5": 0.07244964853663659
   },
   "proba_Recovering_given_OnVentInICU": 0.42801078699416817,
   "pmf_duration_Declining_OnVentInICU": {
    "1": 0.07737654271705983,
    "2": 0.18803564339035622,
    "3": 0.5363701016709675,
    "4": 0.10202120624532585,
    "5": 0.09619650597629054
   },
   "pmf_duration_Recovering_OnVentInICU": {
    "1": 0.23891603579314696,
    "2": 0.08638944455934475,
    "3": 0.16451246027788652,
    "4": 0.3578972259737172,
    "5": 0.15228483339590465
   }
  },
  {
   "proba_Recovering_given_InGeneralWard": 0.2496185653401138,
   "pmf_duration_Declining_InGeneralWard": {
    "1": 0.41345004361157073,
    "2": 0.31188782607183013,
    "3": 0.0788375612549716,
    "4": 0.0737977563083036,
    "5": 0.122026812753324
   },
   "pmf_duration_Recovering_InGeneralWard": {
    "1": 0.30329730876101235,
    "2": 0.3400054839099902,
    "3": 0.06552309785625345,
    "4": 0.08534830624901579,
    "5": 0.20582580322372834
   },
   "proba_Recovering_given_OffVentInICU": 0.3567987722163853,
   "pmf_duration_Declining_OffVentInICU": {
    "1": 0.21065355117044246,
    "2": 0.30811670454976553,
    "3": 0.2114655877709276,
    "4": 0.12919037516976567,
    "5": 0.1405737813390986
   },
   "pmf_duration_Recovering_OffVentInICU": {
    "1": 0.40754434734116857,
    "2": 0.06773245356335718,
    "3": 0.37758291037355113,
    "4": 0.07469064018528647,
    "5": 0.07244964853663659
   },
   "proba_Recovering_given_OnVentInICU": 0.42801078699416817,
   "pmf_duration_Declining_OnVentInICU": {
    "1": 0.07737654271705983,
    "2": 0.18803564339035622,
    "3": 0.5363701016709675,
    "4": 0.10202120624532585,
    "5": 0.09619650597629054
   },
   "pmf_duration_Recovering_OnVentInICU": {
    "1": 0.32381045013180637,
    "2": 0.07560844011750803,
    "3": 0.1120875259814132,
    "4": 0.3328653231657708,
    "5": 0.15562826060350157
   }
  },
  {
   "proba_Recovering_given_InGeneralWard": 0.2496185653401138,
   "pmf_duration_Declining_InGeneralWard": {
    "1": 0.41345004361157073,
    "2": 0.31188782607183013,
    "3": 0.0788375612549716,
    "4": 0.0737977563083036,
    "5": 0.122026812753324
   },
   "pmf_duration_Recovering_InGeneralWard": {
    "1": 0.30329730876101235,
    "2": 0.3400054839099902,
    "3": 0.06552309785625345,
    "4": 0.08534830624901579,
    "5": 0.20582580322372834
   },
   "proba_Recovering_given_OffVentInICU": 0.3567987722163853,
   "pmf_duration_Declining_OffVentInICU": {
    "1": 0.21065355117044246,
    "2": 0.30811670454976553,
    "3": 0.2114655877709276,
    "4": 0.12919037516976567,
    "5": 0.1405737813390986
   },
   "pmf_duration_Recovering_OffVentInICU": {
    "1": 0.40754434734116857,
    "2": 0.06773245356335718,
    "3": 0.37758291037355113,
    "4": 0.07469064018528647,
    "5": 0.07244964853663659
   },
   "proba_Recovering_given_OnVentInICU": 0.4616509841422525,
   "pmf_duration_Declining_OnVentInICU": {
    "1": 0.07737654271705983,
    "2": 0.18803564339035622,
    "3": 0.5363701016709675,
    "4": 0.10202120624532585,
    "5": 0.09619650597629054
   },
   "pmf_duration_Recovering_OnVentInICU": {
    "1": 0.32381045013180637,
    "2": 0.07560844011750803,
    "3": 0.1120875259814132,
    "4": 0.3328653231657708,
    "5": 0.15562826060350157
   }
  },
  {
   "proba_Recovering_given_InGeneralWard": 0.2496185653401138,
   "pmf_duration_Declining_InGeneralWard": {
    "1": 0.41345004361157073,
    "2": 0.31188782607183013,
    "3": 0.0788375612549716,
    "4": 0.0737977563083036,
    "5": 0.122026812753324
   },
   "pmf_duration_Recovering_InGeneralWard": {
    "1": 0.30329730876101235,
    "2": 0.3400054839099902,
    "3": 0.06552309785625345,
    "4": 0.08534830624901579,
    "5": 0.20582580322372834
   },
   "proba_Recovering_given_OffVentInICU": 0.3567987722163853,
   "pmf_duration_Declining_OffVentInICU": {
    "1": 0.21065355117044246,
    "2": 0.30811670454976553,
    "3": 0.2114655877709276,
    "4": 0.12919037516976567,
    "5": 0.1405737813390986
   },
   "pmf_duration_Recovering_OffVentInICU": {
    "1": 0.40754434734116857,
    "2": 0.06773245356335718,
    "3": 0.37758291037355113,
    "4": 0.07469064018528647,
    "5": 0.07244964853663659
   },
   "proba_Recovering_given_OnVentInICU": 0.4616509841422525,
   "pmf_duration_Declining_OnVentInICU": {
    "1": 0.09527321229012992,
    "2": 0.17572573244942688,
    "3": 0.5181967680573899,
    "4": 0.12774953180412219,
    "5": 0.08305475539893103
   },
   "pmf_duration_Recovering_OnVentInICU": {
    "1": 0.32381045013180637,
    "2": 0.07560844011750803,
    "3": 0.1120875259814132,
    "4": 0.3328653231657708,
    "5": 0.15562826060350157
   }
  },
  {
   "proba_Recovering_given_InGeneralWard": 0.2674387422671547,
   "pmf_duration_Declining_InGeneralWard": {
    "1": 0.41345004361157073,
    "2": 0.31188782607183013,
    "3": 0.0788375612549716,
    "4": 0.0737977563083036,
    "5": 0.122026812753324
   },
   "pmf_duration_Recovering_InGeneralWard": {
    "1": 0.30329730876101235,
    "2": 0.3400054839099902,
    "3": 0.06552309785625345,
    "4": 0.08534830624901579,
    "5": 0.20582580322372834
   },
   "proba_Recovering_given_OffVentInICU": 0.3567987722163853,
   "pmf_duration_Declining_OffVentInICU": {
    "1": 0.21065355117044246,
    "2": 0.30811670454976553,
    "3": 0.2114655877709276,
    "4": 0.12919037516976567,
    "5": 0.1405737813390986
   },
   "pmf_duration_Recovering_OffVentInICU": {
    "1": 0.40754434734116857,
    "2": 0.06773245356335718,
    "3": 0.37758291037355113,
    "4": 0.07469064018528647,
    "5": 0.07244964853663659
   },
   "proba_Recovering_given_OnVentInICU": 0.4616509841422525,
   "pmf_duration_Declining_OnVentInICU": {
    "1": 0.09527321229012992,