{
 "last_thetas": [
  {
   "proba_Recovering_given_InGeneralWard": 0.26402608292436336,
   "pmf_duration_Declining_InGeneralWard": {
    "1": 0.45480537034691404,
    "2": 0.2691186004827063,
    "3": 0.1564653145401147,
    "4": 0.07151820120237014,
    "5": 0.04809251342789489
   },
   "pmf_duration_Recovering_InGeneralWard": {
    "1": 0.4,
    "2": 0.3,
    "3": 0.2,
    "4": 0.05,
    "5": 0.05
   },
   "proba_Recovering_given_OffVentInICU": 0.2948893142392026,
   "pmf_duration_Declining_OffVentInICU": {
    "1": 0.38361827711839025,
    "2": 0.2758447671876032,
    "3": 0.1983742990647241,
    "4": 0.10388748566217644,
    "5": 0.03827517096710594
   },
   "pmf_duration_Recovering_OffVentInICU": {
    "1": 0.4,
    "2": 0.3,
    "3": 0.2,
    "4": 0.05,
    "5": 0.05
   },
   "proba_Recovering_given_OnVentInICU": 0.225790422570401,
   "pmf_duration_Declining_OnVentInICU": {
    "1": 0.3835914312546771,
    "2": 0.27975329954759287,
    "3": 0.1877772574169533,
    "4": 0.1286724606681154,
    "5": 0.020205551112661087
   },
   "pmf_duration_Recovering_OnVentInICU": {
    "1": 0.2943761515783942,
    "2": 0.28701281519877003,
    "3": 0.2142807051845621,
    "4": 0.1174340856739635,
    "5": 0.08689624236431012
   }
  },
  {
   "proba_Recovering_given_InGeneralWard": 0.26402608292436336,
   "pmf_duration_Declining_InGeneralWard": {
    "1": 0.45480537034691404,
    "2": 0.2691186004827063,
    "3": 0.1564653145401147,
    "4": 0.07151820120237014,
    "5": 0.04809251342789489
   },
   "pmf_duration_Recovering_InGeneralWard": {
    "1": 0.4,
    "2": 0.3,
    "3": 0.2,
    "4": 0.05,
    "5": 0.05
   },
   "proba_Recovering_given_OffVentInICU": 0.2948893142392026,
   "pmf_duration_Declining_OffVentInICU": {
    "1": 0.38361827711839025,
    "2": 0.2758447671876032,
    "3": 0.1983742990647241,
    "4": 0.10388748566217644,
    "5": 0.03827517096710594
   },
   "pmf_duration_Recovering_OffVentInICU": {
    "1": 0.4,
    "2": 0.3,
    "3": 0.2,
    "4": 0.05,
    "5": 0.05
   },
   "proba_Recovering_given_OnVentInICU": 0.225790422570401,
   "pmf_duration_Declining_OnVentInICU": {
    "1": 0.34507774670721775,
    "2": 0.3100275202570932,
    "3": 0.16103745303983014,
    "4": 0.13155898678813582,
    "5": 0.05229829320772307
   },
   "pmf_duration_Recovering_OnVentInICU": {
    "1": 0.2943761515783942,
    "2": 0.28701281519877003,
    "3": 0.2142807051845621,
    "4": 0.1174340856739635,
    "5": 0.08689624236431012
   }
  },
  {
   "proba_Recovering_given_InGeneralWard": 0.26402608292436336,
   "pmf_duration_Declining_InGeneralWard": {
    "1": 0.45480537034691404,
    "2": 0.2691186004827063,
    "3": 0.1564653145401147,
    "4": 0.07151820120237014,
    "5": 0.04809251342789489
   },
   "pmf_duration_Recovering_InGeneralWard": {
    "1": 0.4,
    "2": 0.3,
    "3": 0.2,
    "4": 0.05,
    "5": 0.05
   },
   "proba_Recovering_given_OffVentInICU": 0.2948893142392026,
   "pmf_duration_Declining_OffVentInICU": {
    "1": 0.38361827711839025,
    "2": 0.2758447671876032,
    "3": 0.1983742990647241,
    "4": 0.10388748566217644,
    "5": 0.03827517096710594
   },
   "pmf_duration_Recovering_OffVentInICU": {
    "1": 0.4,
    "2": 0.3,
    "3": 0.2,
    "4": 0.05,
    "5": 0.05
   },
   "proba_Recovering_given_OnVentInICU": 0.2760063769045623,
   "pmf_duration_Declining_OnVentInICU": {
    "1": 0.34507774670721775,
    "2": 0.3100275202570932,
    "3": 0.16103745303983014,
    "4": 0.13155898678813582,
    "5": 0.05229829320772307
   },
   "pmf_duration_Recovering_OnVentInICU": {
    "1": 0.2943761515783942,
    "2": 0.28701281519877003,
    "3": 0.2142807051845621,
    "4": 0.1174340856739635,
    "5": 0.08689624236431012
   }
  },
  {
   "proba_Recovering_given_InGeneralWard": 0.251374227587175,
   "pmf_duration_Declining_InGeneralWard": {
    "1": 0.45480537034691404,
    "2": 0.2691186004827063,
    "3": 0.1564653145401147,
    "4": 0.07151820120237014,
    "5": 0.04809251342789489
   },
   "pmf_duration_Recovering_InGeneralWard": {
    "1": 0.4,
    "2": 0.3,
    "3": 0.2,
    "4": 0.05,
    "5": 0.05
   },
   "proba_Recovering_given_OffVentInICU": 0.2948893142392026,
   "pmf_duration_Declining_OffVentInICU": {
    "1": 0.38361827711839025,
    "2": 0.2758447671876032,
    "3": 0.1983742990647241,
    "4": 0.10388748566217644,
    "5": 0.03827517096710594
   },
   "pmf_duration_Recovering_OffVentInICU": {
    "1": 0.4,
    "2": 0.3,
    "3": 0.2,
    "4": 0.05,
    "5": 0.05
   },
   "proba_Recovering_given_OnVentInICU": 0.2760063769045623,
   "pmf_duration_Declining_OnVentInICU": {
    "1": 0.34507774670721775,
    "2": 0.3100275202570932,
    "3": 0.16103745303983014,
    "4": 0.13155898678813582,
    "5": 0.05229829320772307
   },
   "pmf_duration_Recovering_OnVentInICU": {
    "1": 0.2943761515783942,
    "2": 0.28701281519877003,
    "3": 0.2142807051845621,
    "4": 0.1174340856739635,
    "5": 0.08689624236431012
   }
  },
  {
   "proba_Recovering_given_InGeneralWard": 0.251374227587175,
   "pmf_duration_Declining_InGeneralWard": {
    "1": 0.45480537034691404,
    "2": 0.2691186004827063,
    "3": 0.1564653145401147,
    "4": 0.07151820120237014,
    "5": 0.04809251342789489
   },
   "pmf_duration_Recovering_InGeneralWard": {
    "1": 0.4,
    "2": 0.3,
    "3": 0.2,
    "4": 0.05,
    "5": 0.05
   },
   "proba_Recovering_given_OffVentInICU": 0.2948893142392026,
   "pmf_duration_Declining_OffVentInICU": {
    "1": 0.38361827711839025,
    "2": 0.2758447671876032,
    "3": 0.1983742990647241,
    "4": 0.10388748566217644,
    "5": 0.03827517096710594
   },
   "pmf_duration_Recovering_OffVentInICU": {
    "1": 0.4,
    "2": 0.3,
    "3": 0.2,
    "4": 0.05,
    "5": 0.05
   },
   "proba_Recovering_given_OnVentInICU": 0.2760063769045623,
   "pmf_duration_Declining_OnVentInICU": {
    "1": 0.34507774670721775,
    "2": 0.3100275202570932,
    "3": 0.16103745303983014,
    "4": 0.13155898678813582,
    "5": 0.05229829320772307
   },
   "pmf_duration_Recovering_OnVentInICU": {
    "1": 0.3171189425430833,
    "2": 0.29548386610815935,
    "3": 0.19835146715877444,
    "4": 0.1369891416888527,
    "5": 0.05205658250113034
   }
  },
  {
   "proba_Recovering_given_InGeneralWard": 0.251374227587175,
   "pmf_duration_Declining_InGeneralWard": {
    "1": 0.45480537034691404,
    "2": 0.2691186004827063,
    "3": 0.1564653145401147,
    "4": 0.07151820120237014,
    "5": 0.04809251342789489
   },
   "pmf_duration_Recovering_InGeneralWard": {
    "1": 0.4,
    "2": 0.3,
    "3": 0.2,
    "4": 0.05,
    "5": 0.05
   },
   "proba_Recovering_given_OffVentInICU": 0.2644175773818568,
   "pmf_duration_Declining_OffVentInICU": {
    "1": 0.38361827711839025,
    "2": 0.2758447671876032,
    "3": 0.1983742990647241,
    "4": 0.10388748566217644,
    "5": 0.03827517096710594
   },
   "pmf_duration_Recovering_OffVentInICU": {
    "1": 0.4,
    "2": 0.3,
    "3": 0.2,
    "4": 0.05,
    "5": 0.05
   },
   "proba_Recovering_given_OnVentInICU": 0.2760063769045623,
   "pmf_duration_Declining_OnVentInICU": {
    "1": 0.34507774670721775,
    "2": 0.3100275202570932,
    "3": 0.16103745303983014,
    "4": 0.13155898678813582,
    "5": 0.05229829320772307
   },
   "pmf_duration_Recovering_OnVentInICU": {
    "1": 0.3171189425430833,
    "2": 0.29548386610815935,
    "3": 0.19835146715877444,
    "4": 0.1369891416888527,
    "5": 0.05205658250113034
   }
  },
  {
   "proba_Recovering_given_InGeneralWard": 0.251374227587175,
   "pmf_duration_Declining_InGeneralWard": {
    "1": 0.45480537034691404,
    "2": 0.2691186004827063,
    "3": 0.1564653145401147,
    "4": 0.07151820120237014,
    "5": 0.04809251342789489
   },
   "pmf_duration_Recovering_InGeneralWard": {
    "1": 0.4,
    "2": 0.3,
    "3": 0.2,
    "4": 0.05,
    "5": 0.05
   },
   "proba_Recovering_given_OffVentInICU": 0.2644175773818568,
   "pmf_duration_Declining_OffVentInICU": {
    "1": 0.38361827711839025,
    "2": 0.2758447671876032,
    "3": 0.1983742990647241,
    "4": 0.10388748566217644,