{
 "last_thetas": [
  {
   "proba_Recovering_given_Presenting": 0.19970665797167747,
   "pmf_duration_Declining_Presenting": {
    "1": 1.0
   },
   "pmf_duration_Recovering_Presenting": {
    "1": 1.0
   },
   "proba_Recovering_given_InGeneralWard": 0.2674537731811131,
   "pmf_duration_Declining_InGeneralWard": {
    "1": 0.3184036117284536,
    "2": 0.3134249428447897,
    "3": 0.19910512979017086,
    "4": 0.12500320111093877,
    "5": 0.04406311452564702
   },
   "pmf_duration_Recovering_InGeneralWard": {
    "1": 0.427240679696425,
    "2": 0.27265044019860313,
    "3": 0.1917916335532932,
    "4": 0.050958870313896114,
    "5": 0.05735837623778252
   },
   "proba_Recovering_given_OffVentInICU": 0.27070419974690446,
   "pmf_duration_Declining_OffVentInICU": {
    "1": 0.37874204516952154,
    "2": 0.2880990230352498,
    "3": 0.2113418014263659,
    "4": 0.08944762027914716,
    "5": 0.03236951008971553
   },
   "pmf_duration_Recovering_OffVentInICU": {
    "1": 0.36454945443812814,
    "2": 0.3038298179535313,
    "3": 0.17053399487489462,
    "4": 0.08642884422311288,
    "5": 0.07465788851033309
   },
   "proba_Recovering_given_OnVentInICU": 0.30758461470900933,
   "pmf_duration_Declining_OnVentInICU": {
    "1": 0.30229119906010554,
    "2": 0.25525532723594485,
    "3": 0.2053238211070109,
    "4": 0.11953264199155203,
    "5": 0.11759701060538676
   },
   "pmf_duration_Recovering_OnVentInICU": {
    "1": 0.3884152477121589,
    "2": 0.33983182336905654,
    "3": 0.1617311624434683,
    "4": 0.07819393223462383,
    "5": 0.031827834240692576
   }
  },
  {
   "proba_Recovering_given_Presenting": 0.19970665797167747,
   "pmf_duration_Declining_Presenting": {
    "1": 1.0
   },
   "pmf_duration_Recovering_Presenting": {
    "1": 1.0
   },
   "proba_Recovering_given_InGeneralWard": 0.2674537731811131,
   "pmf_duration_Declining_InGeneralWard": {
    "1": 0.3184036117284536,
    "2": 0.3134249428447897,
    "3": 0.19910512979017086,
    "4": 0.12500320111093877,
    "5": 0.04406311452564702
   },
   "pmf_duration_Recovering_InGeneralWard": {
    "1": 0.427240679696425,
    "2": 0.27265044019860313,
    "3": 0.1917916335532932,
    "4": 0.050958870313896114,
    "5": 0.05735837623778252
   },
   "proba_Recovering_given_OffVentInICU": 0.27070419974690446,
   "pmf_duration_Declining_OffVentInICU": {
    "1": 0.37874204516952154,
    "2": 0.2880990230352498,
    "3": 0.2113418014263659,
    "4": 0.08944762027914716,
    "5": 0.03236951008971553
   },
   "pmf_duration_Recovering_OffVentInICU": {
    "1": 0.36454945443812814,
    "2": 0.3038298179535313,
    "3": 0.17053399487489462,
    "4": 0.08642884422311288,
    "5": 0.07465788851033309
   },
   "proba_Recovering_given_OnVentInICU": 0.30758461470900933,
   "pmf_duration_Declining_OnVentInICU": {
    "1": 0.30229119906010554,
    "2": 0.25525532723594485,
    "3": 0.2053238211070109,
    "4": 0.11953264199155203,
    "5": 0.11759701060538676
   },
   "pmf_duration_Recovering_OnVentInICU": {
    "1": 0.4318482865165672,
    "2": 0.28665828669675486,
    "3": 0.158883367494898,
    "4": 0.09976306765285765,
    "5": 0.022846991638922357
   }
  },
  {
   "proba_Recovering_given_Presenting": 0.19970665797167747,
   "pmf_duration_Declining_Presenting": {
    "1": 1.0
   },
   "pmf_duration_Recovering_Presenting": {
    "1": 1.0
   },
   "proba_Recovering_given_InGeneralWard": 0.2674537731811131,
   "pmf_duration_Declining_InGeneralWard": {
    "1": 0.3184036117284536,
    "2": 0.3134249428447897,
    "3": 0.19910512979017086,
    "4": 0.12500320111093877,
    "5": 0.04406311452564702
   },
   "pmf_duration_Recovering_InGeneralWard": {
    "1": 0.427240679696425,
    "2": 0.27265044019860313,
    "3": 0.1917916335532932,
    "4": 0.050958870313896114,
    "5": 0.05735837623778252
   },
   "proba_Recovering_given_OffVentInICU": 0.27070419974690446,
   "pmf_duration_Declining_OffVentInICU": {
    "1": 0.37874204516952154,
    "2": 0.2880990230352498,
    "3": 0.2113418014263659,
    "4": 0.08944762027914716,
    "5": 0.03236951008971553
   },
   "pmf_duration_Recovering_OffVentInICU": {
    "1": 0.36454945443812814,
    "2": 0.3038298179535313,
    "3": 0.17053399487489462,
    "4": 0.08642884422311288,
    "5": 0.07465788851033309
   },
   "proba_Recovering_given_OnVentInICU": 0.30758461470900933,
   "pmf_duration_Declining_OnVentInICU": {
    "1": 0.32688793917079245,
    "2": 0.24071835585960882,
    "3": 0.18982258074102754,
    "4": 0.12484941500399738,
    "5": 0.11772170922457384
   },
   "pmf_duration_Recovering_OnVentInICU": {
    "1": 0.4318482865165672,
    "2": 0.28665828669675486,
    "3": 0.158883367494898,
    "4": 0.09976306765285765,
    "5": 0.022846991638922357
   }
  },
  {
   "proba_Recovering_given_Presenting": 0.19970665797167747,
   "pmf_duration_Declining_Presenting": {
    "1": 1.0
   },
   "pmf_duration_Recovering_Presenting": {
    "1": 1.0
   },
   "proba_Recovering_given_InGeneralWard": 0.2674537731811131,
   "pmf_duration_Declining_InGeneralWard": {
    "1": 0.3184036117284536,
    "2": 0.3134249428447897,
    "3": 0.19910512979017086,
    "4": 0.12500320111093877,
    "5": 0.04406311452564702
   },
   "pmf_duration_Recovering_InGeneralWard": {
    "1": 0.427240679696425,
    "2": 0.27265044019860313,
    "3": 0.1917916335532932,
    "4": 0.050958870313896114,
    "5": 0.05735837623778252
   },
   "proba_Recovering_given_OffVentInICU": 0.27070419974690446,
   "pmf_duration_Declining_OffVentInICU": {
    "1": 0.37874204516952154,
    "2": 0.2880990230352498,
    "3": 0.2113418014263659,
    "4": 0.08944762027914716,
    "5": 0.03236951008971553
   },
   "pmf_duration_Recovering_OffVentInICU": {
    "1": 0.36454945443812814,
    "2": 0.3038298179535313,
    "3": 0.17053399487489462,
    "4": 0.08642884422311288,
    "5": 0.07465788851033309
   },
   "proba_Recovering_given_OnVentInICU": 0.30758461470900933,
   "pmf_duration_Declining_OnVentInICU": {
    "1": 0.32688793917079245,
    "2": 0.24071835585960882,
    "3": 0.18982258074102754,
    "4": 0.12484941500399738,
    "5": 0.11772170922457384
   },
   "pmf_duration_Recovering_OnVentInICU": {
    "1": 0.42158876436242626,
    "2": 0.30584141917670066,
    "3": 0.1724000929856188,
    "4": 0.07337837595116467,
    "5": 0.026791347524089827
   }
  },
  {
   "proba_Recovering_given_Presenting": 0.19970665797167747,
   "pmf_duration_Declining_Presenting": {
    "1": 1.0
   },
   "pmf_duration_Recovering_Presenting": {
    "1": 1.0
   },
   "proba_Recovering_given_InGeneralWard": 0.2674537731811131,
   "pmf_duration_Declining_InGeneralWard": {
    "1": 0.3184036117284536,
    "2": 0.3134249428447897,
    "3": 0.19910512979017086,
    "4": 0.12500320111093877,
    "5": 0.04406311452564702
   },
   "pmf_duration_Recovering_InGeneralWard": {
    "1": 0.427240679696425,
    "2": 0.27265044019860313,
    "3": 0.1917916335532932,
    "4": 0.050958870313896114,
    "5": 0.05735837623778252
   },
   "proba_Recovering_given_OffVentInICU": 0.27070419974690446,
   "pmf_duration_Declining_OffVentInICU": {
    "1": 0.37874204516952154,
    "2": 0.2880990230352498,
    "3": 0.2113418014263659,
    "4": 0.08944762027914716,
    "5": 0.03236951008971553
   },
   "pmf_duration_Recovering_OffVentInICU": {
    "1": 0.36454945443812814,
    "2": 0.3038298179535313,
    "3": 0.17053399487489462,
    "4": 0.08642884422311288,
    "5": 0.07465788851033309
   },
   "proba_Recovering_given_OnVentInICU": 0.24593799127414961,
   "pmf_duration_Declining_OnVentInICU": {
    "1": 0.32688793917079245,
    "2": 0.24071835585960882,
    "3": 0.18982258074102754,
    "4": 0.12484941500399738,
    "5": 0.11772170922457384
   },
   "pmf_duration_Recovering_OnVentInICU": {
    "1": 0.42158876436242626,
    "2": 0.30584141917670066,
    "3": 0.1724000929856188,
    "4": 0.07337837595116467,
    "5": 0.026791347524089827
   }
  }
 ]
}