{
 "last_thetas": [
  {
   "proba_Recovering_given_InGeneralWard": 0.41001240028508845,
   "pmf_duration_Declining_InGeneralWard": {
    "1": 0.27607338279112453,
    "2": 0.2438141051569229,
    "3": 0.1945465239010975,
    "4": 0.1517189197842356,
    "5": 0.13384706836661947
   },
   "pmf_duration_Recovering_InGeneralWard": {
    "1": 0.3289345200042726,
    "2": 0.1520226609519266,
    "3": 0.15693154741998266,
    "4": 0.17599662165740762,
    "5": 0.18611464996641056
   },
   "proba_Recovering_given_OffVentInICU": 0.41598624838773635,
   "pmf_duration_Declining_OffVentInICU": {
    "1": 0.21036875974969166,
    "2": 0.22491165627286894,
    "3": 0.2046933649589298,
    "4": 0.2215326958800743,
    "5": 0.13849352313843516
   },
   "pmf_duration_Recovering_OffVentInICU": {
    "1": 0.21666877220634181,
    "2": 0.19818304805616016,
    "3": 0.09761897931489616,
    "4": 0.17929801582179722,
    "5": 0.3082311846008047
   },
   "proba_Recovering_given_OnVentInICU": 0.46503406323877056,
   "pmf_duration_Declining_OnVentInICU": {
    "1": 0.12050262922000948,
    "2": 0.14566777202101014,
    "3": 0.24678015934651415,
    "4": 0.19287130686529852,
    "5": 0.2941781325471678
   },
   "pmf_duration_Recovering_OnVentInICU": {
    "1": 0.22931018559614655,
    "2": 0.1478392271220998,
    "3": 0.20851182609047356,
    "4": 0.22805692969176772,
    "5": 0.1862818314995125
   }
  },
  {
   "proba_Recovering_given_InGeneralWard": 0.41001240028508845,
   "pmf_duration_Declining_InGeneralWard": {
    "1": 0.27607338279112453,
    "2": 0.2438141051569229,
    "3": 0.1945465239010975,
    "4": 0.1517189197842356,
    "5": 0.13384706836661947
   },
   "pmf_duration_Recovering_InGeneralWard": {
    "1": 0.3289345200042726,
    "2": 0.1520226609519266,
    "3": 0.15693154741998266,
    "4": 0.17599662165740762,
    "5": 0.18611464996641056
   },
   "proba_Recovering_given_OffVentInICU": 0.41598624838773635,
   "pmf_duration_Declining_OffVentInICU": {
    "1": 0.21036875974969166,
    "2": 0.22491165627286894,
    "3": 0.2046933649589298,
    "4": 0.2215326958800743,
    "5": 0.13849352313843516
   },
   "pmf_duration_Recovering_OffVentInICU": {
    "1": 0.21666877220634181,
    "2": 0.19818304805616016,
    "3": 0.09761897931489616,
    "4": 0.17929801582179722,
    "5": 0.3082311846008047
   },
   "proba_Recovering_given_OnVentInICU": 0.46503406323877056,
   "pmf_duration_Declining_OnVentInICU": {
    "1": 0.12050262922000948,
    "2": 0.14566777202101014,
    "3": 0.24678015934651415,
    "4": 0.19287130686529852,
    "5": 0.2941781325471678
   },
   "pmf_duration_Recovering_OnVentInICU": {
    "1": 0.19320246894918444,
    "2": 0.13817656988865354,
    "3": 0.21632972731072442,
    "4": 0.25978901744930577,
    "5": 0.19250221640213186
   }
  },
  {
   "proba_Recovering_given_InGeneralWard": 0.40058240062394995,
   "pmf_duration_Declining_InGeneralWard": {
    "1": 0.27607338279112453,
    "2": 0.2438141051569229,
    "3": 0.1945465239010975,
    "4": 0.1517189197842356,
    "5": 0.13384706836661947
   },
   "pmf_duration_Recovering_InGeneralWard": {
    "1": 0.3289345200042726,
    "2": 0.1520226609519266,
    "3": 0.15693154741998266,
    "4": 0.17599662165740762,
    "5": 0.18611464996641056
   },
   "proba_Recovering_given_OffVentInICU": 0.41598624838773635,
   "pmf_duration_Declining_OffVentInICU": {
    "1": 0.21036875974969166,
    "2": 0.22491165627286894,
    "3": 0.2046933649589298,
    "4": 0.2215326958800743,
    "5": 0.13849352313843516
   },
   "pmf_duration_Recovering_OffVentInICU": {
    "1": 0.21666877220634181,
    "2": 0.19818304805616016,
    "3": 0.09761897931489616,
    "4": 0.17929801582179722,
    "5": 0.3082311846008047
   },
   "proba_Recovering_given_OnVentInICU": 0.46503406323877056,
   "pmf_duration_Declining_OnVentInICU": {
    "1": 0.12050262922000948,
    "2": 0.14566777202101014,
    "3": 0.24678015934651415,
    "4": 0.19287130686529852,
    "5": 0.2941781325471678
   },
   "pmf_duration_Recovering_OnVentInICU": {
    "1": 0.19320246894918444,
    "2": 0.13817656988865354,
    "3": 0.21632972731072442,
    "4": 0.25978901744930577,
    "5": 0.19250221640213186
   }
  },
  {
   "proba_Recovering_given_InGeneralWard": 0.40058240062394995,
   "pmf_duration_Declining_InGeneralWard": {
    "1": 0.27607338279112453,
    "2": 0.2438141051569229,
    "3": 0.1945465239010975,
    "4": 0.1517189197842356,
    "5": 0.13384706836661947
   },
   "pmf_duration_Recovering_InGeneralWard": {
    "1": 0.3289345200042726,
    "2": 0.1520226609519266,
    "3": 0.15693154741998266,
    "4": 0.17599662165740762,
    "5": 0.18611464996641056
   },
   "proba_Recovering_given_OffVentInICU": 0.41598624838773635,
   "pmf_duration_Declining_OffVentInICU": {
    "1": 0.21036875974969166,
    "2": 0.22491165627286894,
    "3": 0.2046933649589298,
    "4": 0.2215326958800743,
    "5": 0.13849352313843516
   },
   "pmf_duration_Recovering_OffVentInICU": {
    "1": 0.21666877220634181,
    "2": 0.19818304805616016,
    "3": 0.09761897931489616,
    "4": 0.17929801582179722,
    "5": 0.3082311846008047
   },
   "proba_Recovering_given_OnVentInICU": 0.46503406323877056,
   "pmf_duration_Declining_OnVentInICU": {
    "1": 0.12050262922000948,
    "2": 0.14566777202101014,
    "3": 0.24678015934651415,
    "4": 0.19287130686529852,
    "5": 0.2941781325471678
   },
   "pmf_duration_Recovering_OnVentInICU": {
    "1": 0.19252172415610155,
    "2": 0.15710961623503933,
    "3": 0.2045665925307231,
    "4": 0.2353020302106012,
    "5": 0.2105000368675349
   }
  },
  {
   "proba_Recovering_given_InGeneralWard": 0.40058240062394995,
   "pmf_duration_Declining_InGeneralWard": {
    "1": 0.27607338279112453,
    "2": 0.2438141051569229,
    "3": 0.1945465239010975,
    "4": 0.1517189197842356,
    "5": 0.13384706836661947
   },
   "pmf_duration_Recovering_InGeneralWard": {
    "1": 0.3289345200042726,
    "2": 0.1520226609519266,
    "3": 0.15693154741998266,
    "4": 0.17599662165740762,
    "5": 0.18611464996641056
   },
   "proba_Recovering_given_OffVentInICU": 0.41598624838773635,
   "pmf_duration_Declining_OffVentInICU": {
    "1": 0.21036875974969166,
    "2": 0.22491165627286894,
    "3": 0.2046933649589298,
    "4": 0.2215326958800743,
    "5": 0.13849352313843516
   },
   "pmf_duration_Recovering_OffVentInICU": {
    "1": 0.21666877220634181,
    "2": 0.19818304805616016,
    "3": 0.09761897931489616,
    "4": 0.17929801582179722,
    "5": 0.3082311846008047
   },
   "proba_Recovering_given_OnVentInICU": 0.46503406323877056,
   "pmf_duration_Declining_OnVentInICU": {
    "1": 0.12050262922000948,
    "2": 0.14566777202101014,
    "3": 0.24678015934651415,
    "4": 0.19287130686529852,
    "5": 0.2941781325471678
   },
   "pmf_duration_Recovering_OnVentInICU": {
    "1": 0.2421190427516795,
    "2": 0.16654775346064576,
    "3": 0.18533738450719647,
    "4": 0.2222502269038206,
    "5": 0.18374559237665755
   }
  },
  {
   "proba_Recovering_given_InGeneralWard": 0.40058240062394995,
   "pmf_duration_Declining_InGeneralWard": {
    "1": 0.27607338279112453,
    "2": 0.2438141051569229,
    "3": 0.1945465239010975,
    "4": 0.1517189197842356,
    "5": 0.13384706836661947
   },
   "pmf_duration_Recovering_InGeneralWard": {
    "1": 0.3289345200042726,
    "2": 0.1520226609519266,
    "3": 0.15693154741998266,
    "4": 0.17599662165740762,
    "5": 0.18611464996641056
   },
   "proba_Recovering_given_OffVentInICU": 0.41598624838773635,
   "pmf_duration_Declining_OffVentInICU": {
    "1": 0.21036875974969166,
    "2": 0.22491165627286894,
    "3": 0.2046933649589298,
    "4": 0.2215326958800743,
    "5": 0.13849352313843516
   },
   "pmf_duration_Recovering_OffVentInICU": {
    "1": 0.16536344158686012,
    "2": 0.2551738189145605,
    "3": 0.14924002988318444,
    "4": 0.18582172825957002,
    "5": 0.24440098135582483
   },
   "proba_Recovering_given_OnVentInICU": 0.46503406323877056,
   "pmf_duration_Declining_OnVentInICU": {
    "1": 0.12050262922000948,