{
 "last_thetas": [
  {
   "proba_Recovering_given_InGeneralWard": 0.2223322808624299,
   "pmf_duration_Declining_InGeneralWard": {
    "1": 0.4047126591698018,
    "2": 0.23712613907757868,
    "3": 0.20064875101569893,
    "4": 0.07926441927893313,
    "5": 0.07824803145798755
   },
   "pmf_duration_Recovering_InGeneralWard": {
    "1": 0.5194454615846342,
    "2": 0.2349984204090472,
    "3": 0.16821300827798213,
    "4": 0.05965166873816749,
    "5": 0.017691440990168956
   },
   "proba_Recovering_given_OffVentInICU": 0.1772395323920043,
   "pmf_duration_Declining_OffVentInICU": {
    "1": 0.42951151450142183,
    "2": 0.22945914460137593,
    "3": 0.21890466494272207,
    "4": 0.07156523921792064,
    "5": 0.0505594367365595
   },
   "pmf_duration_Recovering_OffVentInICU": {
    "1": 0.379078217758014,
    "2": 0.24595474676769602,
    "3": 0.21588071826986507,
    "4": 0.09690945080843606,
    "5": 0.06217686639598891
   },
   "proba_Recovering_given_OnVentInICU": 0.1523521033842003,
   "pmf_duration_Declining_OnVentInICU": {
    "1": 0.38382152012501475,
    "2": 0.26371518844096264,
    "3": 0.13484440743177756,
    "4": 0.14994412450464775,
    "5": 0.06767475949759731
   },
   "pmf_duration_Recovering_OnVentInICU": {
    "1": 0.4107870390069281,
    "2": 0.27048949792503624,
    "3": 0.17913986183900582,
    "4": 0.09190249536016315,
    "5": 0.047681105868866536
   }
  },
  {
   "proba_Recovering_given_InGeneralWard": 0.2223322808624299,
   "pmf_duration_Declining_InGeneralWard": {
    "1": 0.4047126591698018,
    "2": 0.23712613907757868,
    "3": 0.20064875101569893,
    "4": 0.07926441927893313,
    "5": 0.07824803145798755
   },
   "pmf_duration_Recovering_InGeneralWard": {
    "1": 0.5194454615846342,
    "2": 0.2349984204090472,
    "3": 0.16821300827798213,
    "4": 0.05965166873816749,
    "5": 0.017691440990168956
   },
   "proba_Recovering_given_OffVentInICU": 0.1772395323920043,
   "pmf_duration_Declining_OffVentInICU": {
    "1": 0.42951151450142183,
    "2": 0.22945914460137593,
    "3": 0.21890466494272207,
    "4": 0.07156523921792064,
    "5": 0.0505594367365595
   },
   "pmf_duration_Recovering_OffVentInICU": {
    "1": 0.379078217758014,
    "2": 0.24595474676769602,
    "3": 0.21588071826986507,
    "4": 0.09690945080843606,
    "5": 0.06217686639598891
   },
   "proba_Recovering_given_OnVentInICU": 0.1523521033842003,
   "pmf_duration_Declining_OnVentInICU": {
    "1": 0.38382152012501475,
    "2": 0.26371518844096264,
    "3": 0.13484440743177756,
    "4": 0.14994412450464775,
    "5": 0.06767475949759731
   },
   "pmf_duration_Recovering_OnVentInICU": {
    "1": 0.39791059211229524,
    "2": 0.24656405372334397,
    "3": 0.16560137652650248,
    "4": 0.14516759196402532,
    "5": 0.04475638567383277
   }
  },
  {
   "proba_Recovering_given_InGeneralWard": 0.2223322808624299,
   "pmf_duration_Declining_InGeneralWard": {
    "1": 0.4047126591698018,
    "2": 0.23712613907757868,
    "3": 0.20064875101569893,
    "4": 0.07926441927893313,
    "5": 0.07824803145798755
   },
   "pmf_duration_Recovering_InGeneralWard": {
    "1": 0.5194454615846342,
    "2": 0.2349984204090472,
    "3": 0.16821300827798213,
    "4": 0.05965166873816749,
    "5": 0.017691440990168956
   },
   "proba_Recovering_given_OffVentInICU": 0.1772395323920043,
   "pmf_duration_Declining_OffVentInICU": {
    "1": 0.42951151450142183,
    "2": 0.22945914460137593,
    "3": 0.21890466494272207,
    "4": 0.07156523921792064,
    "5": 0.0505594367365595
   },
   "pmf_duration_Recovering_OffVentInICU": {
    "1": 0.379078217758014,
    "2": 0.24595474676769602,
    "3": 0.21588071826986507,
    "4": 0.09690945080843606,
    "5": 0.06217686639598891
   },
   "proba_Recovering_given_OnVentInICU": 0.1915242833733095,
   "pmf_duration_Declining_OnVentInICU": {
    "1": 0.38382152012501475,
    "2": 0.26371518844096264,
    "3": 0.13484440743177756,
    "4": 0.14994412450464775,
    "5": 0.06767475949759731
   },
   "pmf_duration_Recovering_OnVentInICU": {
    "1": 0.39791059211229524,
    "2": 0.24656405372334397,
    "3": 0.16560137652650248,
    "4": 0.14516759196402532,
    "5": 0.04475638567383277
   }
  },
  {
   "proba_Recovering_given_InGeneralWard": 0.2223322808624299,
   "pmf_duration_Declining_InGeneralWard": {
    "1": 0.4047126591698018,
    "2": 0.23712613907757868,
    "3": 0.20064875101569893,
    "4": 0.07926441927893313,
    "5": 0.07824803145798755
   },
   "pmf_duration_Recovering_InGeneralWard": {
    "1": 0.5194454615846342,
    "2": 0.2349984204090472,
    "3": 0.16821300827798213,
    "4": 0.05965166873816749,
    "5": 0.017691440990168956
   },
   "proba_Recovering_given_OffVentInICU": 0.1772395323920043,
   "pmf_duration_Declining_OffVentInICU": {
    "1": 0.42951151450142183,
    "2": 0.22945914460137593,
    "3": 0.21890466494272207,
    "4": 0.07156523921792064,
    "5": 0.0505594367365595
   },
   "pmf_duration_Recovering_OffVentInICU": {
    "1": 0.379078217758014,
    "2": 0.24595474676769602,
    "3": 0.21588071826986507,
    "4": 0.09690945080843606,
    "5": 0.06217686639598891
   },
   "proba_Recovering_given_OnVentInICU": 0.1915242833733095,
   "pmf_duration_Declining_OnVentInICU": {
    "1": 0.38382152012501475,
    "2": 0.26371518844096264,
    "3": 0.13484440743177756,
    "4": 0.14994412450464775,
    "5": 0.06767475949759731
   },
   "pmf_duration_Recovering_OnVentInICU": {
    "1": 0.3399291962221811,
    "2": 0.3272137993354109,
    "3": 0.1513634707865513,
    "4": 0.10741605296644513,
    "5": 0.07407748068941147
   }
  },
  {
   "proba_Recovering_given_InGeneralWard": 0.2335018900085003,
   "pmf_duration_Declining_InGeneralWard": {
    "1": 0.4047126591698018,
    "2": 0.23712613907757868,
    "3": 0.20064875101569893,
    "4": 0.07926441927893313,
    "5": 0.07824803145798755
   },
   "pmf_duration_Recovering_InGeneralWard": {
    "1": 0.5194454615846342,
    "2": 0.2349984204090472,
    "3": 0.16821300827798213,
    "4": 0.05965166873816749,
    "5": 0.017691440990168956
   },
   "proba_Recovering_given_OffVentInICU": 0.1772395323920043,
   "pmf_duration_Declining_OffVentInICU": {
    "1": 0.42951151450142183,
    "2": 0.22945914460137593,
    "3": 0.21890466494272207,
    "4": 0.07156523921792064,
    "5": 0.0505594367365595
   },
   "pmf_duration_Recovering_OffVentInICU": {
    "1": 0.379078217758014,
    "2": 0.24595474676769602,
    "3": 0.21588071826986507,
    "4": 0.09690945080843606,
    "5": 0.06217686639598891
   },
   "proba_Recovering_given_OnVentInICU": 0.1915242833733095,
   "pmf_duration_Declining_OnVentInICU": {
    "1": 0.38382152012501475,
    "2": 0.26371518844096264,
    "3": 0.13484440743177756,
    "4": 0.14994412450464775,
    "5": 0.06767475949759731
   },
   "pmf_duration_Recovering_OnVentInICU": {
    "1": 0.3399291962221811,
    "2": 0.3272137993354109,
    "3": 0.1513634707865513,
    "4": 0.10741605296644513,
    "5": 0.07407748068941147
   }
  },
  {
   "proba_Recovering_given_InGeneralWard": 0.2335018900085003,
   "pmf_duration_Declining_InGeneralWard": {
    "1": 0.4047126591698018,
    "2": 0.23712613907757868,
    "3": 0.20064875101569893,
    "4": 0.07926441927893313,
    "5": 0.07824803145798755
   },
   "pmf_duration_Recovering_InGeneralWard": {
    "1": 0.5194454615846342,
    "2": 0.2349984204090472,
    "3": 0.16821300827798213,
    "4": 0.05965166873816749,
    "5": 0.017691440990168956
   },
   "proba_Recovering_given_OffVentInICU": 0.1772395323920043,
   "pmf_duration_Declining_OffVentInICU": {
    "1": 0.42951151450142183,
    "2": 0.22945914460137593,
    "3": 0.21890466494272207,
    "4": 0.07156523921792064,
    "5": 0.0505594367365595
   },
   "pmf_duration_Recovering_OffVentInICU": {
    "1": 0.379078217758014,
    "2": 0.24595474676769602,
    "3": 0.21588071826986507,
    "4": 0.09690945080843606,
    "5": 0.06217686639598891
   },
   "proba_Recovering_given_OnVentInICU": 0.1915242833733095,
   "pmf_duration_Declining_OnVentInICU": {
    "1": 0.3160458192749918,