{
 "last_thetas": [
  {
   "proba_Recovering_given_InGeneralWard": 0.20693938299748332,
   "pmf_duration_Declining_InGeneralWard": {
    "1": 0.38337998814044033,
    "2": 0.27870865301805825,
    "3": 0.1882096786321122,
    "4": 0.040787516449232085,
    "5": 0.10891416376015711
   },
   "pmf_duration_Recovering_InGeneralWard": {
    "1": 0.31519333957464823,
    "2": 0.34656283701053925,
    "3": 0.18360287540004971,
    "4": 0.07891685794320459,
    "5": 0.07572409007155836
   },
   "proba_Recovering_given_OffVentInICU": 0.27478512290291723,
   "pmf_duration_Declining_OffVentInICU": {
    "1": 0.40177045866821226,
    "2": 0.26617841652533103,
    "3": 0.1579272053272414,
    "4": 0.10112769534293732,
    "5": 0.07299622413627815
   },
   "pmf_duration_Recovering_OffVentInICU": {
    "1": 0.26411381585999516,
    "2": 0.16804352187107177,
    "3": 0.16448436263701857,
    "4": 0.2538316287743645,
    "5": 0.1495266708575501
   },
   "proba_Recovering_given_OnVentInICU": 0.20766569609767835,
   "pmf_duration_Declining_OnVentInICU": {
    "1": 0.4629980259610365,
    "2": 0.24628508637846624,
    "3": 0.19401397722780664,
    "4": 0.039902594621824494,
    "5": 0.05680031581086603
   },
   "pmf_duration_Recovering_OnVentInICU": {
    "1": 0.3387857890771047,
    "2": 0.3684244393284254,
    "3": 0.17419998572271497,
    "4": 0.0870036406231641,
    "5": 0.031586145248590894
   }
  },
  {
   "proba_Recovering_given_InGeneralWard": 0.20693938299748332,
   "pmf_duration_Declining_InGeneralWard": {
    "1": 0.38337998814044033,
    "2": 0.27870865301805825,
    "3": 0.1882096786321122,
    "4": 0.040787516449232085,
    "5": 0.10891416376015711
   },
   "pmf_duration_Recovering_InGeneralWard": {
    "1": 0.31519333957464823,
    "2": 0.34656283701053925,
    "3": 0.18360287540004971,
    "4": 0.07891685794320459,
    "5": 0.07572409007155836
   },
   "proba_Recovering_given_OffVentInICU": 0.25804177768615677,
   "pmf_duration_Declining_OffVentInICU": {
    "1": 0.40177045866821226,
    "2": 0.26617841652533103,
    "3": 0.1579272053272414,
    "4": 0.10112769534293732,
    "5": 0.07299622413627815
   },
   "pmf_duration_Recovering_OffVentInICU": {
    "1": 0.26411381585999516,
    "2": 0.16804352187107177,
    "3": 0.16448436263701857,
    "4": 0.2538316287743645,
    "5": 0.1495266708575501
   },
   "proba_Recovering_given_OnVentInICU": 0.20766569609767835,
   "pmf_duration_Declining_OnVentInICU": {
    "1": 0.4629980259610365,
    "2": 0.24628508637846624,
    "3": 0.19401397722780664,
    "4": 0.039902594621824494,
    "5": 0.05680031581086603
   },
   "pmf_duration_Recovering_OnVentInICU": {
    "1": 0.3387857890771047,
    "2": 0.3684244393284254,
    "3": 0.17419998572271497,
    "4": 0.0870036406231641,
    "5": 0.031586145248590894
   }
  },
  {
   "proba_Recovering_given_InGeneralWard": 0.20693938299748332,
   "pmf_duration_Declining_InGeneralWard": {
    "1": 0.38337998814044033,
    "2": 0.27870865301805825,
    "3": 0.1882096786321122,
    "4": 0.040787516449232085,
    "5": 0.10891416376015711
   },
   "pmf_duration_Recovering_InGeneralWard": {
    "1": 0.31519333957464823,
    "2": 0.34656283701053925,
    "3": 0.18360287540004971,
    "4": 0.07891685794320459,
    "5": 0.07572409007155836
   },
   "proba_Recovering_given_OffVentInICU": 0.25804177768615677,
   "pmf_duration_Declining_OffVentInICU": {
    "1": 0.40177045866821226,
    "2": 0.26617841652533103,
    "3": 0.1579272053272414,
    "4": 0.10112769534293732,
    "5": 0.07299622413627815
   },
   "pmf_duration_Recovering_OffVentInICU": {
    "1": 0.26411381585999516,
    "2": 0.16804352187107177,
    "3": 0.16448436263701857,
    "4": 0.2538316287743645,
    "5": 0.1495266708575501
   },
   "proba_Recovering_given_OnVentInICU": 0.20766569609767835,
   "pmf_duration_Declining_OnVentInICU": {
    "1": 0.4138347859900983,
    "2": 0.2735480296496779,
    "3": 0.19581215253878143,
    "4": 0.05479766435151146,
    "5": 0.06200736746993074
   },
   "pmf_duration_Recovering_OnVentInICU": {
    "1": 0.3387857890771047,
    "2": 0.3684244393284254,
    "3": 0.17419998572271497,
    "4": 0.0870036406231641,
    "5": 0.031586145248590894
   }
  },
  {
   "proba_Recovering_given_InGeneralWard": 0.20693938299748332,
   "pmf_duration_Declining_InGeneralWard": {
    "1": 0.38337998814044033,
    "2": 0.27870865301805825,
    "3": 0.1882096786321122,
    "4": 0.040787516449232085,
    "5": 0.10891416376015711
   },
   "pmf_duration_Recovering_InGeneralWard": {
    "1": 0.31519333957464823,
    "2": 0.34656283701053925,
    "3": 0.18360287540004971,
    "4": 0.07891685794320459,
    "5": 0.07572409007155836
   },
   "proba_Recovering_given_OffVentInICU": 0.25804177768615677,
   "pmf_duration_Declining_OffVentInICU": {
    "1": 0.40177045866821226,
    "2": 0.26617841652533103,
    "3": 0.1579272053272414,
    "4": 0.10112769534293732,
    "5": 0.07299622413627815
   },
   "pmf_duration_Recovering_OffVentInICU": {
    "1": 0.26411381585999516,
    "2": 0.16804352187107177,
    "3": 0.16448436263701857,
    "4": 0.2538316287743645,
    "5": 0.1495266708575501
   },
   "proba_Recovering_given_OnVentInICU": 0.20766569609767835,
   "pmf_duration_Declining_OnVentInICU": {
    "1": 0.4138347859900983,
    "2": 0.2735480296496779,
    "3": 0.19581215253878143,
    "4": 0.05479766435151146,
    "5": 0.06200736746993074
   },
   "pmf_duration_Recovering_OnVentInICU": {
    "1": 0.3485631750455396,
    "2": 0.2960770662506269,
    "3": 0.22961124355473742,
    "4": 0.05890572285565798,
    "5": 0.06684279229343808
   }
  },
  {
   "proba_Recovering_given_InGeneralWard": 0.20693938299748332,
   "pmf_duration_Declining_InGeneralWard": {
    "1": 0.38337998814044033,
    "2": 0.27870865301805825,
    "3": 0.1882096786321122,
    "4": 0.040787516449232085,
    "5": 0.10891416376015711
   },
   "pmf_duration_Recovering_InGeneralWard": {
    "1": 0.31519333957464823,
    "2": 0.34656283701053925,
    "3": 0.18360287540004971,
    "4": 0.07891685794320459,
    "5": 0.07572409007155836
   },
   "proba_Recovering_given_OffVentInICU": 0.25804177768615677,
   "pmf_duration_Declining_OffVentInICU": {
    "1": 0.40177045866821226,
    "2": 0.26617841652533103,
    "3": 0.1579272053272414,
    "4": 0.10112769534293732,
    "5": 0.07299622413627815
   },
   "pmf_duration_Recovering_OffVentInICU": {
    "1": 0.26411381585999516,
    "2": 0.16804352187107177,
    "3": 0.16448436263701857,
    "4": 0.2538316287743645,
    "5": 0.1495266708575501
   },
   "proba_Recovering_given_OnVentInICU": 0.20766569609767835,
   "pmf_duration_Declining_OnVentInICU": {
    "1": 0.4138347859900983,
    "2": 0.2735480296496779,
    "3": 0.19581215253878143,
    "4": 0.05479766435151146,
    "5": 0.06200736746993074
   },
   "pmf_duration_Recovering_OnVentInICU": {
    "1": 0.3489577093632399,
    "2": 0.2928026648488639,
    "3": 0.21783253061527968,
    "4": 0.07217491104859766,
    "5": 0.06823218412401884
   }
  },
  {
   "proba_Recovering_given_InGeneralWard": 0.20338543391837807,
   "pmf_duration_Declining_InGeneralWard": {
    "1": 0.38337998814044033,
    "2": 0.27870865301805825,
    "3": 0.1882096786321122,
    "4": 0.040787516449232085,
    "5": 0.10891416376015711
   },
   "pmf_duration_Recovering_InGeneralWard": {
    "1": 0.31519333957464823,
    "2": 0.34656283701053925,
    "3": 0.18360287540004971,
    "4": 0.07891685794320459,
    "5": 0.07572409007155836
   },
   "proba_Recovering_given_OffVentInICU": 0.25804177768615677,
   "pmf_duration_Declining_OffVentInICU": {
    "1": 0.40177045866821226,
    "2": 0.26617841652533103,
    "3": 0.1579272053272414,
    "4": 0.10112769534293732,
    "5": 0.07299622413627815
   },
   "pmf_duration_Recovering_OffVentInICU": {
    "1": 0.26411381585999516,
    "2": 0.16804352187107177,
    "3": 0.16448436263701857,
    "4": 0.2538316287743645,
    "5": 0.1495266708575501
   },
   "proba_Recovering_given_OnVentInICU": 0.20766569609767835,