{
"states": ["Presenting", "InGeneralWard", "OffVentInICU", "OnVentInICU"],
"init_num_Presenting": 0,
"init_num_InGeneralWard": 10,
"init_num_OffVentInICU": 10,
"init_num_OnVentInICU": 10,
"num_timesteps": 100,
"pmf_num_per_timestep_Presenting": "example_simple/num_presenting_simple-100days.csv",
"proba_Recovering_given_Presenting": 0.1,
"proba_Recovering_given_InGeneralWard": 0.1,
"proba_Recovering_given_OffVentInICU": 0.1,
"proba_Recovering_given_OnVentInICU": 0.1,
"pmf_duration_Declining_Presenting": {
    "1": 1.00},
"pmf_duration_Recovering_Presenting": {
    "1": 1.00},
"pmf_duration_Declining_InGeneralWard": {
    "1": 0.17459668, "2": 0.03385536, "3": 0.29570716, "4": 0.44701288, "5": 0.04882792},
"pmf_duration_Recovering_InGeneralWard": {
    "1": 0.17459668, "2": 0.03385536, "3": 0.29570716, "4": 0.44701288, "5": 0.04882792},
"pmf_duration_Declining_OffVentInICU": {
    "1": 0.17459668, "2": 0.03385536, "3": 0.29570716, "4": 0.44701288, "5": 0.04882792},
"pmf_duration_Recovering_OffVentInICU": {
    "1": 0.17459668, "2": 0.03385536, "3": 0.29570716, "4": 0.44701288, "5": 0.04882792},
"pmf_duration_Declining_OnVentInICU": {
    "1": 0.17459668, "2": 0.03385536, "3": 0.29570716, "4": 0.44701288, "5": 0.04882792},
"pmf_duration_Recovering_OnVentInICU": {
    "1": 0.17459668, "2": 0.03385536, "3": 0.29570716, "4": 0.44701288, "5": 0.04882792}
}